BACIA,AMBIENTE,ANO,TIPO ATIVIDADE,QUANTIDADE ATIVIDADE,UNIDADE DA ATIVIDADE
Alagoas,MAR,2025,Sem Atividade,"0,00",sem unidade
Alagoas,MAR,2026,Sem Atividade,"0,00",sem unidade
Alagoas,MAR,2027,Sem Atividade,"0,00",sem unidade
Alagoas,MAR,2028,Completação para produção,"1,00",Unidade
Alagoas,MAR,2028,Perfuração - produtor,"1,00",Unidade
Alagoas,MAR,2029,Sem Atividade,"0,00",sem unidade
Alagoas,TERRA,2025,Abandono Permanente,"39,00",Unidade
Alagoas,TERRA,2025,Coleta - linhas - lançamento (inclui risers),"9,10",Kilômetro
Alagoas,TERRA,2025,Completação para produção,"5,00",Unidade
Alagoas,TERRA,2025,Descomissionamento - Arrasamento de poço,"40,00",Unidade
Alagoas,TERRA,2025,Descomissionamento - remoção de linhas,"13,97",Kilômetro
Alagoas,TERRA,2025,Escoamento - oleoduto - lançamento,"15,00",Kilômetro
Alagoas,TERRA,2025,Perfuração - produtor,"2,00",Unidade
Alagoas,TERRA,2025,Recompletação para injeção,"3,00",Unidade
Alagoas,TERRA,2025,Recompletação para produção,"39,00",Unidade
Alagoas,TERRA,2025,Recuperação Ambiental,"0,16",Kilômetro Quadrado
Alagoas,TERRA,2025,Remoção de instalações associadas à Unidades Produção Terrestres,"27,00",Unidade
Alagoas,TERRA,2025,Sem Atividade,"0,00",sem unidade
Alagoas,TERRA,2026,Coleta - linhas - lançamento (inclui risers),"9,00",Kilômetro
Alagoas,TERRA,2026,Completação para produção,"10,00",Unidade
Alagoas,TERRA,2026,Perfuração - produtor,"10,00",Unidade
Alagoas,TERRA,2026,Recompletação para injeção,"6,00",Unidade
Alagoas,TERRA,2026,Recompletação para produção,"31,00",Unidade
Alagoas,TERRA,2026,Sem Atividade,"0,00",sem unidade
Alagoas,TERRA,2027,Coleta - linhas - lançamento (inclui risers),"7,00",Kilômetro
Alagoas,TERRA,2027,Completação para produção,"13,00",Unidade
Alagoas,TERRA,2027,Perfuração - produtor,"13,00",Unidade
Alagoas,TERRA,2027,Recompletação para injeção,"3,00",Unidade
Alagoas,TERRA,2027,Recompletação para produção,"22,00",Unidade
Alagoas,TERRA,2027,Sem Atividade,"0,00",sem unidade
Alagoas,TERRA,2027,UEP - alteração/ampliação/melhorias,"1,00",Unidade
Alagoas,TERRA,2028,Coleta - linhas - lançamento (inclui risers),"4,00",Kilômetro
Alagoas,TERRA,2028,Completação para produção,"7,00",Unidade
Alagoas,TERRA,2028,Perfuração - produtor,"7,00",Unidade
Alagoas,TERRA,2028,Recompletação para produção,"1,00",Unidade
Alagoas,TERRA,2028,Sem Atividade,"0,00",sem unidade
Alagoas,TERRA,2029,Completação para produção,"3,00",Unidade
Alagoas,TERRA,2029,Perfuração - produtor,"3,00",Unidade
Alagoas,TERRA,2029,Recompletação para produção,"1,00",Unidade
Alagoas,TERRA,2029,Sem Atividade,"0,00",sem unidade
Amazonas,TERRA,2025,Coleta - linhas - lançamento (inclui risers),"1,15",Kilômetro
Amazonas,TERRA,2025,Coleta - manifold - instalação,"0,60",Unidade
Amazonas,TERRA,2025,Levantamento de Sísmica 2D - Aquisição,"176,90",Kilômetro
Amazonas,TERRA,2025,Levantamento de Sísmica 3D - Aquisição,"57,20",Kilômetro Quadrado
Amazonas,TERRA,2025,Sem Atividade,"0,00",sem unidade
Amazonas,TERRA,2025,UEP - construção,"0,81",Unidade
Amazonas,TERRA,2026,Coleta - linhas - lançamento (inclui risers),"45,50",Kilômetro
Amazonas,TERRA,2026,Coleta - manifold - instalação,"4,72",Unidade
Amazonas,TERRA,2026,Completação para injeção,"1,00",Unidade
Amazonas,TERRA,2026,Completação para produção,"3,00",Unidade
Amazonas,TERRA,2026,Perfuração - injetor,"1,00",Unidade
Amazonas,TERRA,2026,Perfuração - produtor,"3,00",Unidade
Amazonas,TERRA,2026,Recompletação para produção,"1,00",Unidade
Amazonas,TERRA,2026,Sem Atividade,"0,00",sem unidade
Amazonas,TERRA,2026,Teste de Longa Duração - TLD,"1,00",Unidade
Amazonas,TERRA,2026,UEP - construção,"0,01",Unidade
Amazonas,TERRA,2027,Coleta - linhas - lançamento (inclui risers),"1,15",Kilômetro
Amazonas,TERRA,2027,Escoamento - compressor - instalação,"0,29",Unidade
Amazonas,TERRA,2027,Escoamento - gasoduto - lançamento,"1,52",Kilômetro
Amazonas,TERRA,2027,Recompletação para injeção,"1,00",Unidade
Amazonas,TERRA,2027,Sem Atividade,"0,00",sem unidade
Amazonas,TERRA,2027,UEP - construção,"0,86",Unidade
Amazonas,TERRA,2028,Abandono Permanente,"1,00",Unidade
Amazonas,TERRA,2028,Coleta - manifold - instalação,"4,00",Unidade
Amazonas,TERRA,2028,Descomissionamento - Arrasamento de poço,"1,00",Unidade
Amazonas,TERRA,2028,Escoamento - compressor - instalação,"0,63",Unidade
Amazonas,TERRA,2028,Escoamento - gasoduto - lançamento,"8,13",Kilômetro
Amazonas,TERRA,2028,Sem Atividade,"0,00",sem unidade
Amazonas,TERRA,2028,UEP - construção,"0,37",Unidade
Amazonas,TERRA,2029,Abandono Permanente,"1,00",Unidade
Amazonas,TERRA,2029,Descomissionamento - Arrasamento de poço,"1,00",Unidade
Amazonas,TERRA,2029,Escoamento - compressor - instalação,"0,08",Unidade
Amazonas,TERRA,2029,Recuperação Ambiental,"0,01",Kilômetro Quadrado
Amazonas,TERRA,2029,Remoção de instalações associadas à Unidades Produção Terrestres,"1,00",Unidade
Amazonas,TERRA,2029,Sem Atividade,"0,00",sem unidade
Amazonas,TERRA,2029,UEP - construção,"0,03",Unidade
Barreirinhas,TERRA,2025,Perfuração - exploratório,"1,00",Unidade
Barreirinhas,TERRA,2025,Teste de Formação - poço exploratório,"1,00",Unidade
Barreirinhas,TERRA,2026,Sem Atividade,"0,00",sem unidade
Barreirinhas,TERRA,2027,Sem Atividade,"0,00",sem unidade
Barreirinhas,TERRA,2028,Sem Atividade,"0,00",sem unidade
Barreirinhas,TERRA,2029,Sem Atividade,"0,00",sem unidade
Camamu,MAR,2025,Sem Atividade,"0,00",sem unidade
Camamu,MAR,2026,Sem Atividade,"0,00",sem unidade
Camamu,MAR,2027,Sem Atividade,"0,00",sem unidade
Camamu,MAR,2028,Sem Atividade,"0,00",sem unidade
Camamu,MAR,2029,Sem Atividade,"0,00",sem unidade
Camamu,TERRA,2025,Abandono Permanente,"3,00",Unidade
Camamu,TERRA,2025,Descomissionamento - Arrasamento de poço,"3,00",Unidade
Camamu,TERRA,2025,Recuperação Ambiental,"2,28",Kilômetro Quadrado
Camamu,TERRA,2025,Remoção de instalações associadas à Unidades Produção Terrestres,"3,00",Unidade
Camamu,TERRA,2025,Teste de Formação - poço explotatório,"4,00",Unidade
Camamu,TERRA,2025,UEP - alteração/ampliação/melhorias,"1,00",Unidade
Camamu,TERRA,2026,Sem Atividade,"0,00",sem unidade
Camamu,TERRA,2027,Sem Atividade,"0,00",sem unidade
Camamu,TERRA,2028,Sem Atividade,"0,00",sem unidade
Camamu,TERRA,2029,Sem Atividade,"0,00",sem unidade
Campos,MAR,2025,Abandono Permanente,"101,58",Unidade
Campos,MAR,2025,Coleta - linhas - lançamento (inclui risers),"749,38",Kilômetro
Campos,MAR,2025,Coleta - manifold - instalação,"10,48",Unidade
Campos,MAR,2025,Coleta - sistema de processamento submarino - instalação,"1,00",Unidade
Campos,MAR,2025,Completação para injeção,"10,00",Unidade
Campos,MAR,2025,Completação para produção,"47,37",Unidade
Campos,MAR,2025,Descomissionamento - Arrasamento de poço,"1,00",Unidade
Campos,MAR,2025,Descomissionamento - desmobilização UEP,"11,98",Unidade
Campos,MAR,2025,Descomissionamento - remoção de linhas,"634,31",Kilômetro
Campos,MAR,2025,Elevação Artificial - sistema submarino,"17,00",Unidade
Campos,MAR,2025,Escoamento - gasoduto - lançamento,"1,67",Kilômetro
Campos,MAR,2025,Escoamento - oleoduto - lançamento,"0,01",Kilômetro
Campos,MAR,2025,Levantamento de Sísmica 2D - Aquisição,"200,01",Kilômetro
Campos,MAR,2025,Levantamento de Sísmica 3D - Aquisição,"2.111,62",Kilômetro Quadrado
Campos,MAR,2025,Mudança de método de elevação artificial - poço,"5,00",Unidade
Campos,MAR,2025,Perfuração - exploratório,"3,00",Unidade
Campos,MAR,2025,Perfuração - injetor,"10,11",Unidade
Campos,MAR,2025,Perfuração - outro,"3,00",Unidade
Campos,MAR,2025,Perfuração - produtor,"30,42",Unidade
Campos,MAR,2025,Recompletação para injeção,"2,00",Unidade
Campos,MAR,2025,Recompletação para produção,"38,00",Unidade
Campos,MAR,2025,Recuperação Ambiental,"1,97",Kilômetro Quadrado
Campos,MAR,2025,Remoção dos Demais Equipamentos do Sistema Submarino,"26,00",Unidade
Campos,MAR,2025,Sem Atividade,"0,00",sem unidade
Campos,MAR,2025,UEP - alteração/ampliação/melhorias,"91,68",Unidade
Campos,MAR,2025,UEP - construção,"5,00",Unidade
Campos,MAR,2025,UEP - instalação,"0,09",Unidade
Campos,MAR,2026,Abandono Permanente,"119,59",Unidade
Campos,MAR,2026,Coleta - linhas - lançamento (inclui risers),"623,71",Kilômetro
Campos,MAR,2026,Coleta - manifold - instalação,"6,38",Unidade
Campos,MAR,2026,Coleta - sistema de processamento submarino - instalação,"3,00",Unidade
Campos,MAR,2026,Completação para injeção,"14,68",Unidade
Campos,MAR,2026,Completação para produção,"31,06",Unidade
Campos,MAR,2026,Descomissionamento - desmobilização UEP,"10,03",Unidade
Campos,MAR,2026,Descomissionamento - remoção de linhas,"370,80",Kilômetro
Campos,MAR,2026,Elevação Artificial - sistema submarino,"11,00",Unidade
Campos,MAR,2026,Escoamento - gasoduto - lançamento,"2,56",Kilômetro
Campos,MAR,2026,Escoamento - oleoduto - lançamento,"0,01",Kilômetro
Campos,MAR,2026,Levantamento de Sísmica 2D - Aquisição,"250,16",Kilômetro
Campos,MAR,2026,Levantamento de Sísmica 3D - Aquisição,"2.978,13",Kilômetro Quadrado
Campos,MAR,2026,Mudança de método de elevação artificial - poço,"5,00",Unidade
Campos,MAR,2026,Perfuração - injetor,"15,93",Unidade
Campos,MAR,2026,Perfuração - outro,"2,00",Unidade
Campos,MAR,2026,Perfuração - produtor,"24,43",Unidade
Campos,MAR,2026,Recompletação para injeção,"1,00",Unidade
Campos,MAR,2026,Recompletação para produção,"19,50",Unidade
Campos,MAR,2026,Remoção dos Demais Equipamentos do Sistema Submarino,"15,00",Unidade
Campos,MAR,2026,Sem Atividade,"0,00",sem unidade
Campos,MAR,2026,UEP - alteração/ampliação/melhorias,"55,06",Unidade
Campos,MAR,2026,UEP - construção,"5,98",Unidade
Campos,MAR,2026,UEP - instalação,"2,09",Unidade
Campos,MAR,2027,Abandono Permanente,"110,42",Unidade
Campos,MAR,2027,Coleta - linhas - lançamento (inclui risers),"352,14",Kilômetro
Campos,MAR,2027,Coleta - manifold - instalação,"4,00",Unidade
Campos,MAR,2027,Coleta - sistema de processamento submarino - instalação,"2,00",Unidade
Campos,MAR,2027,Completação para injeção,"1,25",Unidade
Campos,MAR,2027,Completação para produção,"25,30",Unidade
Campos,MAR,2027,Descomissionamento - Arrasamento de poço,"1,00",Unidade
Campos,MAR,2027,Descomissionamento - desmobilização UEP,"7,00",Unidade
Campos,MAR,2027,Descomissionamento - remoção de linhas,"290,42",Kilômetro
Campos,MAR,2027,Elevação Artificial - sistema submarino,"16,00",Unidade
Campos,MAR,2027,Escoamento - gasoduto - lançamento,"7,24",Kilômetro
Campos,MAR,2027,Escoamento - oleoduto - lançamento,"0,01",Kilômetro
Campos,MAR,2027,Levantamento de Sísmica 3D - Aquisição,"1.582,08",Kilômetro Quadrado
Campos,MAR,2027,Mudança de método de elevação artificial - poço,"6,00",Unidade
Campos,MAR,2027,Perfuração - exploratório,"1,00",Unidade
Campos,MAR,2027,Perfuração - injetor,"2,90",Unidade
Campos,MAR,2027,Perfuração - produtor,"18,26",Unidade
Campos,MAR,2027,Recompletação para injeção,"1,00",Unidade
Campos,MAR,2027,Recompletação para produção,"4,50",Unidade
Campos,MAR,2027,Remoção dos Demais Equipamentos do Sistema Submarino,"5,00",Unidade
Campos,MAR,2027,Sem Atividade,"0,00",sem unidade
Campos,MAR,2027,Teste de Formação - poço explotatório,"2,00",Unidade
Campos,MAR,2027,UEP - alteração/ampliação/melhorias,"42,35",Unidade
Campos,MAR,2027,UEP - construção,"2,98",Unidade
Campos,MAR,2027,UEP - instalação,"4,09",Unidade
Campos,MAR,2028,Abandono Permanente,"109,00",Unidade
Campos,MAR,2028,Coleta - linhas - lançamento (inclui risers),"67,72",Kilômetro
Campos,MAR,2028,Coleta - manifold - instalação,"1,00",Unidade
Campos,MAR,2028,Completação para injeção,"1,00",Unidade
Campos,MAR,2028,Completação para produção,"26,20",Unidade
Campos,MAR,2028,Descomissionamento - desmobilização UEP,"7,29",Unidade
Campos,MAR,2028,Descomissionamento - remoção de linhas,"851,77",Kilômetro
Campos,MAR,2028,Elevação Artificial - sistema submarino,"17,00",Unidade
Campos,MAR,2028,Escoamento - gasoduto - lançamento,"62,34",Kilômetro
Campos,MAR,2028,Escoamento - oleoduto - lançamento,"4,67",Kilômetro
Campos,MAR,2028,Levantamento de Sísmica 3D - Aquisição,"275,00",Kilômetro Quadrado
Campos,MAR,2028,Perfuração - exploratório,"1,00",Unidade
Campos,MAR,2028,Perfuração - injetor,"2,00",Unidade
Campos,MAR,2028,Perfuração - produtor,"18,44",Unidade
Campos,MAR,2028,Recompletação para injeção,"1,00",Unidade
Campos,MAR,2028,Recompletação para produção,"2,00",Unidade
Campos,MAR,2028,Remoção dos Demais Equipamentos do Sistema Submarino,"10,00",Unidade
Campos,MAR,2028,Sem Atividade,"0,00",sem unidade
Campos,MAR,2028,Teste de Formação - poço exploratório,"2,00",Unidade
Campos,MAR,2028,UEP - alteração/ampliação/melhorias,"36,86",Unidade
Campos,MAR,2028,UEP - construção,"2,98",Unidade
Campos,MAR,2028,UEP - instalação,"2,65",Unidade
Campos,MAR,2029,Abandono Permanente,"81,96",Unidade
Campos,MAR,2029,Coleta - linhas - lançamento (inclui risers),"286,12",Kilômetro
Campos,MAR,2029,Coleta - manifold - instalação,"5,00",Unidade
Campos,MAR,2029,Completação para injeção,"8,00",Unidade
Campos,MAR,2029,Completação para produção,"19,50",Unidade
Campos,MAR,2029,Descomissionamento - desmobilização UEP,"8,27",Unidade
Campos,MAR,2029,Descomissionamento - remoção de linhas,"197,00",Kilômetro
Campos,MAR,2029,Elevação Artificial - sistema submarino,"10,00",Unidade
Campos,MAR,2029,Escoamento - gasoduto - lançamento,"79,05",Kilômetro
Campos,MAR,2029,Levantamento de Sísmica 2D - Aquisição,"653,00",Kilômetro
Campos,MAR,2029,Levantamento de Sísmica 3D - Aquisição,"928,00",Kilômetro Quadrado
Campos,MAR,2029,Perfuração - injetor,"8,00",Unidade
Campos,MAR,2029,Perfuração - produtor,"11,00",Unidade
Campos,MAR,2029,Recuperação Ambiental,"1,03",Kilômetro Quadrado
Campos,MAR,2029,Remoção dos Demais Equipamentos do Sistema Submarino,"4,00",Unidade
Campos,MAR,2029,Sem Atividade,"0,00",sem unidade
Campos,MAR,2029,UEP - alteração/ampliação/melhorias,"27,05",Unidade
Campos,MAR,2029,UEP - construção,"0,98",Unidade
Campos,MAR,2029,UEP - instalação,"1,08",Unidade
Ceará,MAR,2025,Descomissionamento - Arrasamento de poço,"9,00",Unidade
Ceará,MAR,2025,Descomissionamento - desmobilização UEP,"0,07",Unidade
Ceará,MAR,2025,Descomissionamento - remoção de linhas,"7,00",Kilômetro
Ceará,MAR,2026,Abandono Permanente,"4,00",Unidade
Ceará,MAR,2026,Descomissionamento - desmobilização UEP,"0,03",Unidade
Ceará,MAR,2026,Descomissionamento - remoção de linhas,"3,96",Kilômetro
Ceará,MAR,2027,Abandono Permanente,"15,00",Unidade
Ceará,MAR,2027,Descomissionamento - desmobilização UEP,"0,03",Unidade
Ceará,MAR,2027,Sem Atividade,"0,00",sem unidade
Ceará,MAR,2028,Abandono Permanente,"15,00",Unidade
Ceará,MAR,2028,Sem Atividade,"0,00",sem unidade
Ceará,MAR,2029,Abandono Permanente,"13,00",Unidade
Ceará,MAR,2029,Descomissionamento - Arrasamento de poço,"5,00",Unidade
Ceará,MAR,2029,Sem Atividade,"0,00",sem unidade
Cumuruxatiba,MAR,2025,Sem Atividade,"0,00",sem unidade
Cumuruxatiba,MAR,2026,Sem Atividade,"0,00",sem unidade
Cumuruxatiba,MAR,2027,Sem Atividade,"0,00",sem unidade
Cumuruxatiba,MAR,2028,Sem Atividade,"0,00",sem unidade
Cumuruxatiba,MAR,2029,Sem Atividade,"0,00",sem unidade
Espírito Santo,MAR,2025,Coleta - linhas - lançamento (inclui risers),"8,00",Kilômetro
Espírito Santo,MAR,2025,Perfuração - produtor,"0,16",Unidade
Espírito Santo,MAR,2025,Recompletação para produção,"0,21",Unidade
Espírito Santo,MAR,2025,Sem Atividade,"0,00",sem unidade
Espírito Santo,MAR,2025,UEP - alteração/ampliação/melhorias,"1,39",Unidade
Espírito Santo,MAR,2026,Abandono Permanente,"3,33",Unidade
Espírito Santo,MAR,2026,Coleta - linhas - lançamento (inclui risers),"8,00",Kilômetro
Espírito Santo,MAR,2026,Recompletação para produção,"1,16",Unidade
Espírito Santo,MAR,2026,Sem Atividade,"0,00",sem unidade
Espírito Santo,MAR,2026,UEP - alteração/ampliação/melhorias,"1,55",Unidade
Espírito Santo,MAR,2027,Coleta - linhas - lançamento (inclui risers),"8,00",Kilômetro
Espírito Santo,MAR,2027,Coleta - manifold - instalação,"1,00",Unidade
Espírito Santo,MAR,2027,Elevação Artificial - sistema submarino,"1,00",Unidade
Espírito Santo,MAR,2027,Perfuração - produtor,"0,85",Unidade
Espírito Santo,MAR,2027,Recompletação para produção,"0,63",Unidade
Espírito Santo,MAR,2027,Sem Atividade,"0,00",sem unidade
Espírito Santo,MAR,2027,UEP - alteração/ampliação/melhorias,"0,06",Unidade
Espírito Santo,MAR,2028,Abandono Permanente,"1,43",Unidade
Espírito Santo,MAR,2028,Coleta - linhas - lançamento (inclui risers),"13,00",Kilômetro
Espírito Santo,MAR,2028,Completação para produção,"2,00",Unidade
Espírito Santo,MAR,2028,Perfuração - produtor,"2,00",Unidade
Espírito Santo,MAR,2028,Sem Atividade,"0,00",sem unidade
Espírito Santo,MAR,2029,Abandono Permanente,"3,00",Unidade
Espírito Santo,MAR,2029,Sem Atividade,"0,00",sem unidade
Espírito Santo,TERRA,2025,Abandono Permanente,"1,00",Unidade
Espírito Santo,TERRA,2025,Coleta - linhas - lançamento (inclui risers),"7,80",Kilômetro
Espírito Santo,TERRA,2025,Completação para produção,"8,00",Unidade
Espírito Santo,TERRA,2025,Descomissionamento - Arrasamento de poço,"1,00",Unidade
Espírito Santo,TERRA,2025,Elevação Artificial - sistema submarino,"3,00",Unidade
Espírito Santo,TERRA,2025,Escoamento - gasoduto - lançamento,"1,80",Kilômetro
Espírito Santo,TERRA,2025,Levantamento de Sísmica 3D - Aquisição,"45,00",Kilômetro Quadrado
Espírito Santo,TERRA,2025,Mudança de método de elevação artificial - poço,"3,00",Unidade
Espírito Santo,TERRA,2025,Perfuração - produtor,"2,00",Unidade
Espírito Santo,TERRA,2025,Recompletação para injeção,"52,00",Unidade
Espírito Santo,TERRA,2025,Recompletação para produção,"45,00",Unidade
Espírito Santo,TERRA,2025,Recuperação Ambiental,"6,50",Kilômetro Quadrado
Espírito Santo,TERRA,2025,Sem Atividade,"0,00",sem unidade
Espírito Santo,TERRA,2025,UEP - alteração/ampliação/melhorias,"7,00",Unidade
Espírito Santo,TERRA,2025,UEP - instalação,"3,00",Unidade
Espírito Santo,TERRA,2026,Coleta - linhas - lançamento (inclui risers),"12,80",Kilômetro
Espírito Santo,TERRA,2026,Completação para injeção,"1,00",Unidade
Espírito Santo,TERRA,2026,Completação para produção,"10,00",Unidade
Espírito Santo,TERRA,2026,Elevação Artificial - sistema submarino,"1,00",Unidade
Espírito Santo,TERRA,2026,Perfuração - exploratório,"1,00",Unidade
Espírito Santo,TERRA,2026,Perfuração - produtor,"10,00",Unidade
Espírito Santo,TERRA,2026,Recompletação para injeção,"51,00",Unidade
Espírito Santo,TERRA,2026,Recompletação para outros fins,"1,00",Unidade
Espírito Santo,TERRA,2026,Recompletação para produção,"24,00",Unidade
Espírito Santo,TERRA,2026,Remoção de instalações associadas à Unidades Produção Terrestres,"1,00",Unidade
Espírito Santo,TERRA,2026,Sem Atividade,"0,00",sem unidade
Espírito Santo,TERRA,2026,Teste de Formação - poço explotatório,"3,00",Unidade
Espírito Santo,TERRA,2026,UEP - alteração/ampliação/melhorias,"12,00",Unidade
Espírito Santo,TERRA,2026,UEP - instalação,"1,00",Unidade
Espírito Santo,TERRA,2027,Abandono Permanente,"40,00",Unidade
Espírito Santo,TERRA,2027,Coleta - linhas - lançamento (inclui risers),"2,10",Kilômetro
Espírito Santo,TERRA,2027,Completação para produção,"6,00",Unidade
Espírito Santo,TERRA,2027,Descomissionamento - Arrasamento de poço,"41,00",Unidade
Espírito Santo,TERRA,2027,Descomissionamento - remoção de linhas,"17,56",Kilômetro
Espírito Santo,TERRA,2027,Perfuração - exploratório,"4,00",Unidade
Espírito Santo,TERRA,2027,Perfuração - produtor,"8,00",Unidade
Espírito Santo,TERRA,2027,Recompletação para injeção,"46,00",Unidade
Espírito Santo,TERRA,2027,Recompletação para produção,"16,00",Unidade
Espírito Santo,TERRA,2027,Recuperação Ambiental,"7,00",Kilômetro Quadrado
Espírito Santo,TERRA,2027,Remoção de instalações associadas à Unidades Produção Terrestres,"4,00",Unidade
Espírito Santo,TERRA,2027,Sem Atividade,"0,00",sem unidade
Espírito Santo,TERRA,2027,Teste de Formação - poço explotatório,"3,00",Unidade
Espírito Santo,TERRA,2027,UEP - alteração/ampliação/melhorias,"6,00",Unidade
Espírito Santo,TERRA,2028,Coleta - linhas - lançamento (inclui risers),"1,00",Kilômetro
Espírito Santo,TERRA,2028,Completação para produção,"4,00",Unidade
Espírito Santo,TERRA,2028,Perfuração - produtor,"6,00",Unidade
Espírito Santo,TERRA,2028,Recompletação para injeção,"34,00",Unidade
Espírito Santo,TERRA,2028,Recompletação para produção,"7,00",Unidade
Espírito Santo,TERRA,2028,Sem Atividade,"0,00",sem unidade
Espírito Santo,TERRA,2028,Teste de Formação - poço explotatório,"2,00",Unidade
Espírito Santo,TERRA,2028,UEP - alteração/ampliação/melhorias,"2,00",Unidade
Espírito Santo,TERRA,2029,Coleta - linhas - lançamento (inclui risers),"1,00",Kilômetro
Espírito Santo,TERRA,2029,Mudança de método de elevação artificial - poço,"1,00",Unidade
Espírito Santo,TERRA,2029,Perfuração - exploratório,"3,00",Unidade
Espírito Santo,TERRA,2029,Perfuração - produtor,"1,00",Unidade
Espírito Santo,TERRA,2029,Recompletação para injeção,"27,00",Unidade
Espírito Santo,TERRA,2029,Recompletação para produção,"7,00",Unidade
Espírito Santo,TERRA,2029,Sem Atividade,"0,00",sem unidade
Mucuri,TERRA,2025,Abandono Permanente,"8,00",Unidade
Mucuri,TERRA,2025,Descomissionamento - Arrasamento de poço,"8,00",Unidade
Mucuri,TERRA,2025,Recuperação Ambiental,"1,00",Kilômetro Quadrado
Mucuri,TERRA,2026,Sem Atividade,"0,00",sem unidade
Mucuri,TERRA,2027,Sem Atividade,"0,00",sem unidade
Mucuri,TERRA,2028,Sem Atividade,"0,00",sem unidade
Mucuri,TERRA,2029,Sem Atividade,"0,00",sem unidade
Paraná,TERRA,2025,Recuperação Ambiental,"1,00",Kilômetro Quadrado
Paraná,TERRA,2025,Sem Atividade,"0,00",sem unidade
Paraná,TERRA,2026,Recuperação Ambiental,"1,00",Kilômetro Quadrado
Paraná,TERRA,2026,Sem Atividade,"0,00",sem unidade
Paraná,TERRA,2027,Recuperação Ambiental,"1,00",Kilômetro Quadrado
Paraná,TERRA,2027,Sem Atividade,"0,00",sem unidade
Paraná,TERRA,2028,Recuperação Ambiental,"1,00",Kilômetro Quadrado
Paraná,TERRA,2028,Sem Atividade,"0,00",sem unidade
Paraná,TERRA,2029,Recuperação Ambiental,"1,00",Kilômetro Quadrado
Paraná,TERRA,2029,Sem Atividade,"0,00",sem unidade
Parnaíba,TERRA,2025,Coleta - linhas - lançamento (inclui risers),"31,84",Kilômetro
Parnaíba,TERRA,2025,Coleta - manifold - instalação,"4,00",Unidade
Parnaíba,TERRA,2025,Completação para produção,"1,00",Unidade
Parnaíba,TERRA,2025,Escoamento - gasoduto - lançamento,"22,70",Kilômetro
Parnaíba,TERRA,2025,Perfuração - produtor,"1,00",Unidade
Parnaíba,TERRA,2025,Sem Atividade,"0,00",sem unidade
Parnaíba,TERRA,2025,Teste de Formação - poço exploratório,"2,00",Unidade
Parnaíba,TERRA,2026,Coleta - linhas - lançamento (inclui risers),"23,06",Kilômetro
Parnaíba,TERRA,2026,Coleta - manifold - instalação,"3,50",Unidade
Parnaíba,TERRA,2026,Completação para produção,"3,00",Unidade
Parnaíba,TERRA,2026,Perfuração - produtor,"3,00",Unidade
Parnaíba,TERRA,2026,Sem Atividade,"0,00",sem unidade
Parnaíba,TERRA,2026,UEP - construção,"0,50",Unidade
Parnaíba,TERRA,2027,Coleta - linhas - lançamento (inclui risers),"45,30",Kilômetro
Parnaíba,TERRA,2027,Coleta - manifold - instalação,"7,50",Unidade
Parnaíba,TERRA,2027,Completação para produção,"2,00",Unidade
Parnaíba,TERRA,2027,Escoamento - compressor - instalação,"0,50",Unidade
Parnaíba,TERRA,2027,Perfuração - produtor,"2,00",Unidade
Parnaíba,TERRA,2027,Sem Atividade,"0,00",sem unidade
Parnaíba,TERRA,2027,UEP - construção,"0,50",Unidade
Parnaíba,TERRA,2027,UEP - instalação,"1,00",Unidade
Parnaíba,TERRA,2028,Coleta - linhas - lançamento (inclui risers),"39,10",Kilômetro
Parnaíba,TERRA,2028,Coleta - manifold - instalação,"2,00",Unidade
Parnaíba,TERRA,2028,Escoamento - compressor - instalação,"0,50",Unidade
Parnaíba,TERRA,2028,Sem Atividade,"0,00",sem unidade
Parnaíba,TERRA,2029,Sem Atividade,"0,00",sem unidade
Potiguar,MAR,2025,Abandono Permanente,"6,00",Unidade
Potiguar,MAR,2025,Descomissionamento - Arrasamento de poço,"4,00",Unidade
Potiguar,MAR,2025,Descomissionamento - desmobilização UEP,"0,48",Unidade
Potiguar,MAR,2025,Mudança de método de elevação artificial - poço,"1,00",Unidade
Potiguar,MAR,2025,Sem Atividade,"0,00",sem unidade
Potiguar,MAR,2026,Abandono Permanente,"16,30",Unidade
Potiguar,MAR,2026,Descomissionamento - Arrasamento de poço,"12,00",Unidade
Potiguar,MAR,2026,Descomissionamento - desmobilização UEP,"6,39",Unidade
Potiguar,MAR,2026,Recompletação para produção,"1,00",Unidade
Potiguar,MAR,2026,Sem Atividade,"0,00",sem unidade
Potiguar,MAR,2027,Abandono Permanente,"6,70",Unidade
Potiguar,MAR,2027,Descomissionamento - desmobilização UEP,"0,11",Unidade
Potiguar,MAR,2027,Mudança de método de elevação artificial - poço,"3,00",Unidade
Potiguar,MAR,2027,Recompletação para injeção,"1,00",Unidade
Potiguar,MAR,2027,Recompletação para produção,"6,00",Unidade
Potiguar,MAR,2027,Sem Atividade,"0,00",sem unidade
Potiguar,MAR,2028,Descomissionamento - desmobilização UEP,"1,00",Unidade
Potiguar,MAR,2028,Recompletação para produção,"5,00",Unidade
Potiguar,MAR,2028,Sem Atividade,"0,00",sem unidade
Potiguar,MAR,2029,Recompletação para injeção,"1,00",Unidade
Potiguar,MAR,2029,Recompletação para produção,"4,00",Unidade
Potiguar,MAR,2029,Sem Atividade,"0,00",sem unidade
Potiguar,TERRA,2025,Abandono Permanente,"2,00",Unidade
Potiguar,TERRA,2025,Coleta - linhas - lançamento (inclui risers),"55,50",Kilômetro
Potiguar,TERRA,2025,Completação para injeção,"2,00",Unidade
Potiguar,TERRA,2025,Completação para produção,"109,00",Unidade
Potiguar,TERRA,2025,Descomissionamento - Arrasamento de poço,"2,00",Unidade
Potiguar,TERRA,2025,Escoamento - compressor - instalação,"1,00",Unidade
Potiguar,TERRA,2025,Escoamento - gasoduto - lançamento,"0,14",Kilômetro
Potiguar,TERRA,2025,Perfuração - exploratório,"5,00",Unidade
Potiguar,TERRA,2025,Perfuração - injetor,"2,00",Unidade
Potiguar,TERRA,2025,Perfuração - produtor,"106,00",Unidade
Potiguar,TERRA,2025,Recompletação para injeção,"39,00",Unidade
Potiguar,TERRA,2025,Recompletação para produção,"220,00",Unidade
Potiguar,TERRA,2025,Recuperação Ambiental,"6,19",Kilômetro Quadrado
Potiguar,TERRA,2025,Sem Atividade,"0,00",sem unidade
Potiguar,TERRA,2025,Teste de Formação - poço explotatório,"2,00",Unidade
Potiguar,TERRA,2025,UEP - alteração/ampliação/melhorias,"11,00",Unidade
Potiguar,TERRA,2025,UEP - construção,"2,00",Unidade
Potiguar,TERRA,2026,Coleta - linhas - lançamento (inclui risers),"76,29",Kilômetro
Potiguar,TERRA,2026,Coleta - manifold - instalação,"2,00",Unidade
Potiguar,TERRA,2026,Completação para outros fins,"1,00",Unidade
Potiguar,TERRA,2026,Completação para produção,"182,00",Unidade
Potiguar,TERRA,2026,Escoamento - compressor - instalação,"2,00",Unidade
Potiguar,TERRA,2026,Perfuração - exploratório,"4,00",Unidade
Potiguar,TERRA,2026,Perfuração - produtor,"180,00",Unidade
Potiguar,TERRA,2026,Recompletação para injeção,"29,00",Unidade
Potiguar,TERRA,2026,Recompletação para produção,"214,00",Unidade
Potiguar,TERRA,2026,Sem Atividade,"0,00",sem unidade
Potiguar,TERRA,2026,Teste de Formação - poço exploratório,"1,00",Unidade
Potiguar,TERRA,2026,Teste de Formação - poço explotatório,"2,00",Unidade
Potiguar,TERRA,2026,UEP - alteração/ampliação/melhorias,"7,00",Unidade
Potiguar,TERRA,2026,UEP - construção,"1,00",Unidade
Potiguar,TERRA,2027,Coleta - linhas - lançamento (inclui risers),"53,00",Kilômetro
Potiguar,TERRA,2027,Completação para outros fins,"1,00",Unidade
Potiguar,TERRA,2027,Completação para produção,"149,00",Unidade
Potiguar,TERRA,2027,Perfuração - exploratório,"4,00",Unidade
Potiguar,TERRA,2027,Perfuração - produtor,"143,00",Unidade
Potiguar,TERRA,2027,Recompletação para injeção,"15,00",Unidade
Potiguar,TERRA,2027,Recompletação para outros fins,"1,00",Unidade
Potiguar,TERRA,2027,Recompletação para produção,"134,00",Unidade
Potiguar,TERRA,2027,Sem Atividade,"0,00",sem unidade
Potiguar,TERRA,2027,Teste de Formação - poço explotatório,"6,00",Unidade
Potiguar,TERRA,2027,UEP - alteração/ampliação/melhorias,"3,00",Unidade
Potiguar,TERRA,2027,UEP - construção,"1,00",Unidade
Potiguar,TERRA,2028,Coleta - linhas - lançamento (inclui risers),"44,00",Kilômetro
Potiguar,TERRA,2028,Completação para outros fins,"1,00",Unidade
Potiguar,TERRA,2028,Completação para produção,"111,00",Unidade
Potiguar,TERRA,2028,Perfuração - exploratório,"4,00",Unidade
Potiguar,TERRA,2028,Perfuração - produtor,"111,00",Unidade
Potiguar,TERRA,2028,Recompletação para injeção,"7,00",Unidade
Potiguar,TERRA,2028,Recompletação para produção,"132,00",Unidade
Potiguar,TERRA,2028,Sem Atividade,"0,00",sem unidade
Potiguar,TERRA,2028,Teste de Formação - poço explotatório,"2,00",Unidade
Potiguar,TERRA,2029,Abandono Permanente,"7,00",Unidade
Potiguar,TERRA,2029,Coleta - linhas - lançamento (inclui risers),"115,64",Kilômetro
Potiguar,TERRA,2029,Completação para produção,"176,00",Unidade
Potiguar,TERRA,2029,Descomissionamento - Arrasamento de poço,"7,00",Unidade
Potiguar,TERRA,2029,Descomissionamento - remoção de linhas,"2,65",Kilômetro
Potiguar,TERRA,2029,Perfuração - exploratório,"6,00",Unidade
Potiguar,TERRA,2029,Perfuração - produtor,"176,00",Unidade
Potiguar,TERRA,2029,Recompletação para injeção,"5,00",Unidade
Potiguar,TERRA,2029,Recompletação para produção,"64,00",Unidade
Potiguar,TERRA,2029,Recuperação Ambiental,"0,05",Kilômetro Quadrado
Potiguar,TERRA,2029,Remoção de instalações associadas à Unidades Produção Terrestres,"4,00",Unidade
Potiguar,TERRA,2029,Sem Atividade,"0,00",sem unidade
Potiguar,TERRA,2029,Teste de Formação - poço explotatório,"2,00",Unidade
Recôncavo,TERRA,2025,Abandono Permanente,"164,00",Unidade
Recôncavo,TERRA,2025,Coleta - linhas - lançamento (inclui risers),"189,02",Kilômetro
Recôncavo,TERRA,2025,Completação para produção,"40,00",Unidade
Recôncavo,TERRA,2025,Descomissionamento - Arrasamento de poço,"203,00",Unidade
Recôncavo,TERRA,2025,Descomissionamento - remoção de linhas,"0,07",Kilômetro
Recôncavo,TERRA,2025,Escoamento - compressor - instalação,"8,00",Unidade
Recôncavo,TERRA,2025,Escoamento - gasoduto - lançamento,"2,50",Kilômetro
Recôncavo,TERRA,2025,Mudança de método de elevação artificial - poço,"59,00",Unidade
Recôncavo,TERRA,2025,Perfuração - injetor,"1,00",Unidade
Recôncavo,TERRA,2025,Perfuração - produtor,"42,00",Unidade
Recôncavo,TERRA,2025,Recompletação para injeção,"41,00",Unidade
Recôncavo,TERRA,2025,Recompletação para outros fins,"1,00",Unidade
Recôncavo,TERRA,2025,Recompletação para produção,"140,00",Unidade
Recôncavo,TERRA,2025,Recuperação Ambiental,"14,17",Kilômetro Quadrado
Recôncavo,TERRA,2025,Remoção de instalações associadas à Unidades Produção Terrestres,"4,00",Unidade
Recôncavo,TERRA,2025,Sem Atividade,"0,00",sem unidade
Recôncavo,TERRA,2025,Teste de Formação - poço exploratório,"1,00",Unidade
Recôncavo,TERRA,2025,Teste de Longa Duração - TLD,"4,00",Unidade
Recôncavo,TERRA,2025,UEP - alteração/ampliação/melhorias,"5,00",Unidade
Recôncavo,TERRA,2025,UEP - instalação,"2,00",Unidade
Recôncavo,TERRA,2026,Abandono Permanente,"134,00",Unidade
Recôncavo,TERRA,2026,Coleta - linhas - lançamento (inclui risers),"212,00",Kilômetro
Recôncavo,TERRA,2026,Completação para injeção,"21,00",Unidade
Recôncavo,TERRA,2026,Completação para produção,"64,00",Unidade
Recôncavo,TERRA,2026,Descomissionamento - Arrasamento de poço,"164,00",Unidade
Recôncavo,TERRA,2026,Descomissionamento - remoção de linhas,"0,20",Kilômetro
Recôncavo,TERRA,2026,Escoamento - oleoduto - lançamento,"1,50",Kilômetro
Recôncavo,TERRA,2026,Mudança de método de elevação artificial - poço,"68,00",Unidade
Recôncavo,TERRA,2026,Perfuração - injetor,"21,00",Unidade
Recôncavo,TERRA,2026,Perfuração - produtor,"66,00",Unidade
Recôncavo,TERRA,2026,Recompletação para injeção,"47,00",Unidade
Recôncavo,TERRA,2026,Recompletação para outros fins,"1,00",Unidade
Recôncavo,TERRA,2026,Recompletação para produção,"160,00",Unidade
Recôncavo,TERRA,2026,Recuperação Ambiental,"10,53",Kilômetro Quadrado
Recôncavo,TERRA,2026,Remoção de instalações associadas à Unidades Produção Terrestres,"6,00",Unidade
Recôncavo,TERRA,2026,Sem Atividade,"0,00",sem unidade
Recôncavo,TERRA,2026,UEP - alteração/ampliação/melhorias,"2,00",Unidade
Recôncavo,TERRA,2026,UEP - instalação,"1,00",Unidade
Recôncavo,TERRA,2027,Coleta - linhas - lançamento (inclui risers),"202,00",Kilômetro
Recôncavo,TERRA,2027,Completação para injeção,"13,00",Unidade
Recôncavo,TERRA,2027,Completação para produção,"67,00",Unidade
Recôncavo,TERRA,2027,Escoamento - gasoduto - lançamento,"8,00",Kilômetro
Recôncavo,TERRA,2027,Mudança de método de elevação artificial - poço,"53,00",Unidade
Recôncavo,TERRA,2027,Perfuração - injetor,"13,00",Unidade
Recôncavo,TERRA,2027,Perfuração - produtor,"64,00",Unidade
Recôncavo,TERRA,2027,Recompletação para injeção,"37,00",Unidade
Recôncavo,TERRA,2027,Recompletação para produção,"146,00",Unidade
Recôncavo,TERRA,2027,Remoção de instalações associadas à Unidades Produção Terrestres,"1,00",Unidade
Recôncavo,TERRA,2027,Sem Atividade,"0,00",sem unidade
Recôncavo,TERRA,2028,Abandono Permanente,"1,00",Unidade
Recôncavo,TERRA,2028,Coleta - linhas - lançamento (inclui risers),"173,00",Kilômetro
Recôncavo,TERRA,2028,Completação para injeção,"10,00",Unidade
Recôncavo,TERRA,2028,Completação para produção,"54,00",Unidade
Recôncavo,TERRA,2028,Descomissionamento - Arrasamento de poço,"1,00",Unidade
Recôncavo,TERRA,2028,Mudança de método de elevação artificial - poço,"43,00",Unidade
Recôncavo,TERRA,2028,Perfuração - injetor,"10,00",Unidade
Recôncavo,TERRA,2028,Perfuração - produtor,"51,00",Unidade
Recôncavo,TERRA,2028,Recompletação para injeção,"37,00",Unidade
Recôncavo,TERRA,2028,Recompletação para produção,"129,00",Unidade
Recôncavo,TERRA,2028,Recuperação Ambiental,"0,01",Kilômetro Quadrado
Recôncavo,TERRA,2028,Remoção de instalações associadas à Unidades Produção Terrestres,"1,00",Unidade
Recôncavo,TERRA,2028,Sem Atividade,"0,00",sem unidade
Recôncavo,TERRA,2029,Abandono Permanente,"2,00",Unidade
Recôncavo,TERRA,2029,Coleta - linhas - lançamento (inclui risers),"155,00",Kilômetro
Recôncavo,TERRA,2029,Completação para injeção,"16,00",Unidade
Recôncavo,TERRA,2029,Completação para produção,"34,00",Unidade
Recôncavo,TERRA,2029,Descomissionamento - Arrasamento de poço,"3,00",Unidade
Recôncavo,TERRA,2029,Descomissionamento - desmobilização UEP,"1,00",Unidade
Recôncavo,TERRA,2029,Mudança de método de elevação artificial - poço,"39,00",Unidade
Recôncavo,TERRA,2029,Perfuração - injetor,"16,00",Unidade
Recôncavo,TERRA,2029,Perfuração - produtor,"33,00",Unidade
Recôncavo,TERRA,2029,Recompletação para injeção,"39,00",Unidade
Recôncavo,TERRA,2029,Recompletação para produção,"92,00",Unidade
Recôncavo,TERRA,2029,Recuperação Ambiental,"3,86",Kilômetro Quadrado
Recôncavo,TERRA,2029,Remoção de instalações associadas à Unidades Produção Terrestres,"2,00",Unidade
Recôncavo,TERRA,2029,Sem Atividade,"0,00",sem unidade
Santos,MAR,2025,Abandono Permanente,"1,00",Unidade
Santos,MAR,2025,Coleta - linhas - lançamento (inclui risers),"825,45",Kilômetro
Santos,MAR,2025,Coleta - manifold - instalação,"9,20",Unidade
Santos,MAR,2025,Coleta - sistema de processamento submarino - instalação,"5,63",Unidade
Santos,MAR,2025,Completação para injeção,"17,84",Unidade
Santos,MAR,2025,Completação para produção,"21,56",Unidade
Santos,MAR,2025,Descomissionamento - desmobilização UEP,"3,02",Unidade
Santos,MAR,2025,Descomissionamento - remoção de linhas,"99,09",Kilômetro
Santos,MAR,2025,Escoamento - gasoduto - lançamento,"15,65",Kilômetro
Santos,MAR,2025,Levantamento de Sísmica 3D - Aquisição,"4.637,43",Kilômetro Quadrado
Santos,MAR,2025,Perfuração - injetor,"18,44",Unidade
Santos,MAR,2025,Perfuração - produtor,"18,92",Unidade
Santos,MAR,2025,Recompletação para injeção,"1,00",Unidade
Santos,MAR,2025,Recuperação Ambiental,"11,49",Kilômetro Quadrado
Santos,MAR,2025,Sem Atividade,"0,00",sem unidade
Santos,MAR,2025,UEP - alteração/ampliação/melhorias,"16,00",Unidade
Santos,MAR,2025,UEP - construção,"3,54",Unidade
Santos,MAR,2025,UEP - instalação,"4,62",Unidade
Santos,MAR,2026,Abandono Permanente,"4,00",Unidade
Santos,MAR,2026,Coleta - linhas - lançamento (inclui risers),"534,33",Kilômetro
Santos,MAR,2026,Coleta - sistema de processamento submarino - instalação,"0,76",Unidade
Santos,MAR,2026,Completação para injeção,"13,72",Unidade
Santos,MAR,2026,Completação para outros fins,"1,00",Unidade
Santos,MAR,2026,Completação para produção,"16,85",Unidade
Santos,MAR,2026,Descomissionamento - desmobilização UEP,"2,14",Unidade
Santos,MAR,2026,Descomissionamento - remoção de linhas,"18,81",Kilômetro
Santos,MAR,2026,Elevação Artificial - sistema submarino,"1,00",Unidade
Santos,MAR,2026,Escoamento - gasoduto - lançamento,"18,69",Kilômetro
Santos,MAR,2026,Levantamento de Sísmica 3D - Aquisição,"3.028,56",Kilômetro Quadrado
Santos,MAR,2026,Perfuração - injetor,"12,72",Unidade
Santos,MAR,2026,Perfuração - outro,"11,00",Unidade
Santos,MAR,2026,Perfuração - produtor,"18,35",Unidade
Santos,MAR,2026,Recuperação Ambiental,"14,21",Kilômetro Quadrado
Santos,MAR,2026,Sem Atividade,"0,00",sem unidade
Santos,MAR,2026,UEP - alteração/ampliação/melhorias,"12,95",Unidade
Santos,MAR,2026,UEP - construção,"4,56",Unidade
Santos,MAR,2026,UEP - instalação,"4,01",Unidade
Santos,MAR,2027,Abandono Permanente,"10,02",Unidade
Santos,MAR,2027,Coleta - linhas - lançamento (inclui risers),"535,19",Kilômetro
Santos,MAR,2027,Coleta - sistema de processamento submarino - instalação,"3,79",Unidade
Santos,MAR,2027,Completação para injeção,"16,67",Unidade
Santos,MAR,2027,Completação para produção,"17,97",Unidade
Santos,MAR,2027,Descomissionamento - desmobilização UEP,"2,14",Unidade
Santos,MAR,2027,Descomissionamento - remoção de linhas,"8,84",Kilômetro
Santos,MAR,2027,Levantamento de Sísmica 3D - Aquisição,"1.112,52",Kilômetro Quadrado
Santos,MAR,2027,Perfuração - injetor,"16,24",Unidade
Santos,MAR,2027,Perfuração - outro,"4,00",Unidade
Santos,MAR,2027,Perfuração - produtor,"18,78",Unidade
Santos,MAR,2027,Recuperação Ambiental,"8,02",Kilômetro Quadrado
Santos,MAR,2027,Sem Atividade,"0,00",sem unidade
Santos,MAR,2027,UEP - alteração/ampliação/melhorias,"12,05",Unidade
Santos,MAR,2027,UEP - construção,"2,33",Unidade
Santos,MAR,2027,UEP - instalação,"0,97",Unidade
Santos,MAR,2028,Abandono Permanente,"2,50",Unidade
Santos,MAR,2028,Coleta - linhas - lançamento (inclui risers),"649,69",Kilômetro
Santos,MAR,2028,Coleta - manifold - instalação,"3,36",Unidade
Santos,MAR,2028,Coleta - sistema de processamento submarino - instalação,"0,87",Unidade
Santos,MAR,2028,Completação para injeção,"9,77",Unidade
Santos,MAR,2028,Completação para produção,"20,44",Unidade
Santos,MAR,2028,Descomissionamento - desmobilização UEP,"1,52",Unidade
Santos,MAR,2028,Descomissionamento - remoção de linhas,"0,84",Kilômetro
Santos,MAR,2028,Escoamento - gasoduto - lançamento,"9,17",Kilômetro
Santos,MAR,2028,Levantamento de Sísmica 3D - Aquisição,"3.893,11",Kilômetro Quadrado
Santos,MAR,2028,Perfuração - injetor,"12,33",Unidade
Santos,MAR,2028,Perfuração - produtor,"16,90",Unidade
Santos,MAR,2028,Recuperação Ambiental,"4,31",Kilômetro Quadrado
Santos,MAR,2028,Sem Atividade,"0,00",sem unidade
Santos,MAR,2028,UEP - alteração/ampliação/melhorias,"15,00",Unidade
Santos,MAR,2028,UEP - construção,"2,00",Unidade
Santos,MAR,2028,UEP - instalação,"2,02",Unidade
Santos,MAR,2029,Abandono Permanente,"3,01",Unidade
Santos,MAR,2029,Coleta - linhas - lançamento (inclui risers),"277,18",Kilômetro
Santos,MAR,2029,Coleta - manifold - instalação,"7,18",Unidade
Santos,MAR,2029,Completação para injeção,"9,00",Unidade
Santos,MAR,2029,Completação para produção,"11,60",Unidade
Santos,MAR,2029,Descomissionamento - desmobilização UEP,"2,16",Unidade
Santos,MAR,2029,Descomissionamento - remoção de linhas,"155,99",Kilômetro
Santos,MAR,2029,Escoamento - gasoduto - lançamento,"1,74",Kilômetro
Santos,MAR,2029,Levantamento de Sísmica 3D - Aquisição,"1.380,13",Kilômetro Quadrado
Santos,MAR,2029,Perfuração - injetor,"7,34",Unidade
Santos,MAR,2029,Perfuração - produtor,"13,53",Unidade
Santos,MAR,2029,Recuperação Ambiental,"3,94",Kilômetro Quadrado
Santos,MAR,2029,Sem Atividade,"0,00",sem unidade
Santos,MAR,2029,UEP - alteração/ampliação/melhorias,"9,00",Unidade
Santos,MAR,2029,UEP - construção,"2,70",Unidade
Santos,MAR,2029,UEP - instalação,"0,38",Unidade
Sergipe,MAR,2025,Abandono Permanente,"7,34",Unidade
Sergipe,MAR,2025,Descomissionamento - Arrasamento de poço,"42,00",Unidade
Sergipe,MAR,2025,Descomissionamento - desmobilização UEP,"1,68",Unidade
Sergipe,MAR,2025,Descomissionamento - remoção de linhas,"114,42",Kilômetro
Sergipe,MAR,2025,Sem Atividade,"0,00",sem unidade
Sergipe,MAR,2026,Abandono Permanente,"18,66",Unidade
Sergipe,MAR,2026,Descomissionamento - Arrasamento de poço,"6,00",Unidade
Sergipe,MAR,2026,Descomissionamento - desmobilização UEP,"2,92",Unidade
Sergipe,MAR,2026,Recompletação para produção,"1,00",Unidade
Sergipe,MAR,2026,Sem Atividade,"0,00",sem unidade
Sergipe,MAR,2026,UEP - alteração/ampliação/melhorias,"1,00",Unidade
Sergipe,MAR,2026,UEP - construção,"2,00",Unidade
Sergipe,MAR,2027,Abandono Permanente,"18,90",Unidade
Sergipe,MAR,2027,Descomissionamento - Arrasamento de poço,"10,00",Unidade
Sergipe,MAR,2027,Descomissionamento - desmobilização UEP,"2,10",Unidade
Sergipe,MAR,2027,Recompletação para produção,"1,00",Unidade
Sergipe,MAR,2027,Sem Atividade,"0,00",sem unidade
Sergipe,MAR,2027,UEP - alteração/ampliação/melhorias,"1,00",Unidade
Sergipe,MAR,2027,UEP - construção,"2,03",Unidade
Sergipe,MAR,2028,Abandono Permanente,"33,10",Unidade
Sergipe,MAR,2028,Completação para injeção,"0,22",Unidade
Sergipe,MAR,2028,Completação para produção,"3,00",Unidade
Sergipe,MAR,2028,Descomissionamento - Arrasamento de poço,"8,00",Unidade
Sergipe,MAR,2028,Descomissionamento - desmobilização UEP,"1,64",Unidade
Sergipe,MAR,2028,Perfuração - injetor,"1,00",Unidade
Sergipe,MAR,2028,Perfuração - produtor,"2,00",Unidade
Sergipe,MAR,2028,Sem Atividade,"0,00",sem unidade
Sergipe,MAR,2028,UEP - alteração/ampliação/melhorias,"1,00",Unidade
Sergipe,MAR,2028,UEP - construção,"2,19",Unidade
Sergipe,MAR,2029,Abandono Permanente,"17,00",Unidade
Sergipe,MAR,2029,Coleta - linhas - lançamento (inclui risers),"38,83",Kilômetro
Sergipe,MAR,2029,Completação para injeção,"1,78",Unidade
Sergipe,MAR,2029,Completação para produção,"5,00",Unidade
Sergipe,MAR,2029,Descomissionamento - Arrasamento de poço,"8,00",Unidade
Sergipe,MAR,2029,Descomissionamento - desmobilização UEP,"0,42",Unidade
Sergipe,MAR,2029,Descomissionamento - remoção de linhas,"6,17",Kilômetro
Sergipe,MAR,2029,Perfuração - injetor,"2,56",Unidade
Sergipe,MAR,2029,Perfuração - produtor,"4,00",Unidade
Sergipe,MAR,2029,Sem Atividade,"0,00",sem unidade
Sergipe,MAR,2029,UEP - alteração/ampliação/melhorias,"1,00",Unidade
Sergipe,MAR,2029,UEP - construção,"2,48",Unidade
Sergipe,TERRA,2025,Abandono Permanente,"47,00",Unidade
Sergipe,TERRA,2025,Coleta - linhas - lançamento (inclui risers),"0,20",Kilômetro
Sergipe,TERRA,2025,Coleta - manifold - instalação,"2,00",Unidade
Sergipe,TERRA,2025,Completação para injeção,"48,00",Unidade
Sergipe,TERRA,2025,Completação para produção,"112,00",Unidade
Sergipe,TERRA,2025,Descomissionamento - Arrasamento de poço,"2,00",Unidade
Sergipe,TERRA,2025,Mudança de método de elevação artificial - poço,"18,00",Unidade
Sergipe,TERRA,2025,Perfuração - injetor,"48,00",Unidade
Sergipe,TERRA,2025,Perfuração - produtor,"112,00",Unidade
Sergipe,TERRA,2025,Recompletação para injeção,"17,00",Unidade
Sergipe,TERRA,2025,Recompletação para produção,"58,00",Unidade
Sergipe,TERRA,2025,Recuperação Ambiental,"0,25",Kilômetro Quadrado
Sergipe,TERRA,2025,Sem Atividade,"0,00",sem unidade
Sergipe,TERRA,2025,Teste de Formação - poço exploratório,"3,00",Unidade
Sergipe,TERRA,2025,UEP - alteração/ampliação/melhorias,"1,00",Unidade
Sergipe,TERRA,2025,UEP - instalação,"2,00",Unidade
Sergipe,TERRA,2026,Abandono Permanente,"48,00",Unidade
Sergipe,TERRA,2026,Coleta - linhas - lançamento (inclui risers),"0,20",Kilômetro
Sergipe,TERRA,2026,Coleta - manifold - instalação,"2,00",Unidade
Sergipe,TERRA,2026,Completação para injeção,"15,00",Unidade
Sergipe,TERRA,2026,Completação para produção,"63,00",Unidade
Sergipe,TERRA,2026,Mudança de método de elevação artificial - poço,"15,00",Unidade
Sergipe,TERRA,2026,Perfuração - exploratório,"4,00",Unidade
Sergipe,TERRA,2026,Perfuração - injetor,"15,00",Unidade
Sergipe,TERRA,2026,Perfuração - produtor,"63,00",Unidade
Sergipe,TERRA,2026,Recompletação para injeção,"40,00",Unidade
Sergipe,TERRA,2026,Recompletação para produção,"54,00",Unidade
Sergipe,TERRA,2026,Recuperação Ambiental,"0,42",Kilômetro Quadrado
Sergipe,TERRA,2026,Sem Atividade,"0,00",sem unidade
Sergipe,TERRA,2026,Teste de Formação - poço exploratório,"3,00",Unidade
Sergipe,TERRA,2026,UEP - alteração/ampliação/melhorias,"1,00",Unidade
Sergipe,TERRA,2026,UEP - instalação,"2,00",Unidade
Sergipe,TERRA,2027,Abandono Permanente,"53,00",Unidade
Sergipe,TERRA,2027,Coleta - linhas - lançamento (inclui risers),"0,30",Kilômetro
Sergipe,TERRA,2027,Coleta - manifold - instalação,"3,00",Unidade
Sergipe,TERRA,2027,Completação para injeção,"18,00",Unidade
Sergipe,TERRA,2027,Completação para produção,"39,00",Unidade
Sergipe,TERRA,2027,Mudança de método de elevação artificial - poço,"11,00",Unidade
Sergipe,TERRA,2027,Perfuração - exploratório,"6,00",Unidade
Sergipe,TERRA,2027,Perfuração - injetor,"18,00",Unidade
Sergipe,TERRA,2027,Perfuração - produtor,"39,00",Unidade
Sergipe,TERRA,2027,Recompletação para injeção,"11,00",Unidade
Sergipe,TERRA,2027,Recompletação para produção,"36,00",Unidade
Sergipe,TERRA,2027,Recuperação Ambiental,"0,44",Kilômetro Quadrado
Sergipe,TERRA,2027,Sem Atividade,"0,00",sem unidade
Sergipe,TERRA,2027,Teste de Formação - poço exploratório,"1,00",Unidade
Sergipe,TERRA,2027,Teste de Formação - poço explotatório,"3,00",Unidade
Sergipe,TERRA,2027,UEP - instalação,"3,00",Unidade
Sergipe,TERRA,2028,Abandono Permanente,"36,00",Unidade
Sergipe,TERRA,2028,Completação para injeção,"2,00",Unidade
Sergipe,TERRA,2028,Completação para produção,"25,00",Unidade
Sergipe,TERRA,2028,Perfuração - exploratório,"3,00",Unidade
Sergipe,TERRA,2028,Perfuração - injetor,"2,00",Unidade
Sergipe,TERRA,2028,Perfuração - produtor,"25,00",Unidade
Sergipe,TERRA,2028,Recompletação para injeção,"1,00",Unidade
Sergipe,TERRA,2028,Recompletação para produção,"58,00",Unidade
Sergipe,TERRA,2028,Recuperação Ambiental,"0,01",Kilômetro Quadrado
Sergipe,TERRA,2028,Sem Atividade,"0,00",sem unidade
Sergipe,TERRA,2029,Abandono Permanente,"8,00",Unidade
Sergipe,TERRA,2029,Recompletação para injeção,"1,00",Unidade
Sergipe,TERRA,2029,Sem Atividade,"0,00",sem unidade
Solimões,TERRA,2025,Coleta - linhas - lançamento (inclui risers),"15,00",Kilômetro
Solimões,TERRA,2025,Mudança de método de elevação artificial - poço,"2,00",Unidade
Solimões,TERRA,2025,Recompletação para outros fins,"11,00",Unidade
Solimões,TERRA,2025,Recuperação Ambiental,"0,01",Kilômetro Quadrado
Solimões,TERRA,2025,Sem Atividade,"0,00",sem unidade
Solimões,TERRA,2026,Abandono Permanente,"7,32",Unidade
Solimões,TERRA,2026,Coleta - linhas - lançamento (inclui risers),"12,00",Kilômetro
Solimões,TERRA,2026,Coleta - manifold - instalação,"5,00",Unidade
Solimões,TERRA,2026,Completação para produção,"6,00",Unidade
Solimões,TERRA,2026,Descomissionamento - Arrasamento de poço,"6,00",Unidade
Solimões,TERRA,2026,Descomissionamento - remoção de linhas,"42,81",Kilômetro
Solimões,TERRA,2026,Perfuração - produtor,"6,00",Unidade
Solimões,TERRA,2026,Recompletação para outros fins,"6,00",Unidade
Solimões,TERRA,2026,Recuperação Ambiental,"1,02",Kilômetro Quadrado
Solimões,TERRA,2026,Sem Atividade,"0,00",sem unidade
Solimões,TERRA,2026,Teste de Formação - poço explotatório,"4,00",Unidade
Solimões,TERRA,2027,Abandono Permanente,"0,68",Unidade
Solimões,TERRA,2027,Coleta - linhas - lançamento (inclui risers),"3,30",Kilômetro
Solimões,TERRA,2027,Coleta - manifold - instalação,"7,00",Unidade
Solimões,TERRA,2027,Completação para produção,"4,00",Unidade
Solimões,TERRA,2027,Descomissionamento - Arrasamento de poço,"2,00",Unidade
Solimões,TERRA,2027,Perfuração - produtor,"4,30",Unidade
Solimões,TERRA,2027,Recuperação Ambiental,"0,09",Kilômetro Quadrado
Solimões,TERRA,2027,Remoção de instalações associadas à Unidades Produção Terrestres,"1,00",Unidade
Solimões,TERRA,2027,Sem Atividade,"0,00",sem unidade
Solimões,TERRA,2028,Coleta - linhas - lançamento (inclui risers),"4,70",Kilômetro
Solimões,TERRA,2028,Completação para produção,"4,00",Unidade
Solimões,TERRA,2028,Perfuração - produtor,"3,70",Unidade
Solimões,TERRA,2028,Recuperação Ambiental,"0,05",Kilômetro Quadrado
Solimões,TERRA,2028,Sem Atividade,"0,00",sem unidade
Solimões,TERRA,2029,Coleta - linhas - lançamento (inclui risers),"8,00",Kilômetro
Solimões,TERRA,2029,Completação para produção,"2,00",Unidade
Solimões,TERRA,2029,Perfuração - produtor,"2,00",Unidade
Solimões,TERRA,2029,Recuperação Ambiental,"0,03",Kilômetro Quadrado
Solimões,TERRA,2029,Sem Atividade,"0,00",sem unidade
Tucano Sul,TERRA,2025,Abandono Permanente,"1,00",Unidade
Tucano Sul,TERRA,2025,Completação para produção,"1,00",Unidade
Tucano Sul,TERRA,2025,Descomissionamento - Arrasamento de poço,"1,00",Unidade
Tucano Sul,TERRA,2025,Descomissionamento - desmobilização UEP,"4,00",Unidade
Tucano Sul,TERRA,2025,Perfuração - produtor,"1,00",Unidade
Tucano Sul,TERRA,2025,Recompletação para produção,"1,00",Unidade
Tucano Sul,TERRA,2025,Recuperação Ambiental,"0,10",Kilômetro Quadrado
Tucano Sul,TERRA,2025,Sem Atividade,"0,00",sem unidade
Tucano Sul,TERRA,2026,Completação para produção,"1,00",Unidade
Tucano Sul,TERRA,2026,Perfuração - produtor,"1,00",Unidade
Tucano Sul,TERRA,2026,Recompletação para produção,"1,00",Unidade
Tucano Sul,TERRA,2026,Sem Atividade,"0,00",sem unidade
Tucano Sul,TERRA,2027,Abandono Permanente,"1,00",Unidade
Tucano Sul,TERRA,2027,Descomissionamento - Arrasamento de poço,"1,00",Unidade
Tucano Sul,TERRA,2027,Recompletação para produção,"1,00",Unidade
Tucano Sul,TERRA,2027,Recuperação Ambiental,"1,00",Kilômetro Quadrado
Tucano Sul,TERRA,2027,Sem Atividade,"0,00",sem unidade
Tucano Sul,TERRA,2027,UEP - alteração/ampliação/melhorias,"1,00",Unidade
Tucano Sul,TERRA,2028,Sem Atividade,"0,00",sem unidade
Tucano Sul,TERRA,2029,Sem Atividade,"0,00",sem unidade
